,Composition,Formula,e_above_hull,A_atom,P_atom,R_atom,n_A
0,Ca4 Fe4 Co4 C24 N24,Ca4 Fe4 Co4 C24 N24,0.43005815296044414,Ca,Fe,Co,4.0
1,Mg4 Cr4 Os4 C24 N24,Mg4 Cr4 Os4 C24 N24,0.3177883589128889,Mg,Cr,Os,4.0
2,Ca4 Mn4 Fe4 C24 N24,Ca4 Mn4 Fe4 C24 N24,0.38263205779377785,Ca,Fe,Mn,4.0
3,Ca4 Mn4 Os4 C24 N24,Ca4 Mn4 Os4 C24 N24,0.3039138833017798,Ca,Mn,Os,4.0
4,Li4 Cr8 C24 N24,Li4 Cr8 C24 N24,0.3150663552740003,Li,Cr,Cr,4.0
5,,,,,,,
6,Sr4 Cr4 Fe4 C24 N24,Sr4 Cr4 Fe4 C24 N24,0.3750295255715592,Sr,Fe,Cr,4.0
7,,,,,,,
8,Mg4 Mn4 V4 C24 N24,Mg4 Mn4 V4 C24 N24,0.4847944350715565,Mg,V,Mn,4.0
9,Li4 Fe4 Co4 C24 N24,Li4 Fe4 Co4 C24 N24,0.2640218829406713,Li,Co,Fe,4.0
10,,,,,,,
11,,,,,,,
12,Na4 Co4 Os4 C24 N24,Na4 Co4 Os4 C24 N24,0.14979719673822345,Na,Co,Os,4.0
13,Li4 Mn4 Cr4 C24 N24,Li4 Mn4 Cr4 C24 N24,0.3268177721073364,Li,Mn,Cr,4.0
14,,,,,,,
15,Ca4 Mn4 V4 C24 N24,Ca4 Mn4 V4 C24 N24,0.5105463184524446,Ca,Mn,V,4.0
16,Ca4 V4 Fe4 C24 N24,Ca4 V4 Fe4 C24 N24,0.5284017857937773,Ca,Fe,V,4.0
17,Na4 V4 Cr4 C24 N24,Na4 V4 Cr4 C24 N24,0.2858379305635559,Na,V,Cr,4.0
18,,,,,,,
19,Li4 Co4 Os4 C24 N24,Li4 Co4 Os4 C24 N24,0.1960258991153374,Li,Co,Os,4.0
20,K4 Co4 Os4 C24 N24,K4 Co4 Os4 C24 N24,0.09977124029377826,K,Co,Os,4.0
21,,,,,,,
22,,,,,,,
23,Na4 V4 Cr4 C24 N24,Na4 V4 Cr4 C24 N24,0.3258630757302221,Na,Cr,V,4.0
24,Li4 Cr4 Co4 C24 N24,Li4 Cr4 Co4 C24 N24,0.4008191726073376,Li,Co,Cr,4.0
25,Sr4 Zn4 Fe4 C24 N24,Sr4 Zn4 Fe4 C24 N24,0.2964269919802227,Sr,Zn,Fe,4.0
26,,,,,,,
27,K4 V4 Co4 C24 N24,K4 V4 Co4 C24 N24,0.1846953694524469,K,V,Co,4.0
28,Sr4 Cr4 Fe4 C24 N24,Sr4 Cr4 Fe4 C24 N24,0.2671984699048924,Sr,Cr,Fe,4.0
29,Mg4 Co4 Os4 C24 N24,Mg4 Co4 Os4 C24 N24,0.3983267250795564,Mg,Co,Os,4.0
30,Na4 Fe4 Co4 C24 N24,Na4 Fe4 Co4 C24 N24,0.19618745439688912,Na,Fe,Co,4.0
31,Mg4 Cr4 Fe4 C24 N24,Mg4 Cr4 Fe4 C24 N24,0.5205494829048884,Mg,Fe,Cr,4.0
32,,,,,,,
33,,,,,,,
34,,,,,,,
35,Mg4 Cr4 Co4 C24 N24,Mg4 Cr4 Co4 C24 N24,0.44431010073822375,Mg,Cr,Co,4.0
36,Na4 V8 C24 N24,Na4 V8 C24 N24,0.3883247735635536,Na,V,V,4.0
37,K4 Mn4 V4 C24 N24,K4 Mn4 V4 C24 N24,0.3116739666191126,K,Mn,V,4.0
38,Li4 Cr4 Fe4 C24 N24,Li4 Cr4 Fe4 C24 N24,0.3270730016073369,Li,Fe,Cr,4.0
39,Mg4 Fe4 Co4 C24 N24,Mg4 Fe4 Co4 C24 N24,0.4421409465715565,Mg,Fe,Co,4.0
40,Li4 V4 Co4 C24 N24,Li4 V4 Co4 C24 N24,0.4629633066073362,Li,Co,V,4.0
41,Ca4 Mn4 Co4 C24 N24,Ca4 Mn4 Co4 C24 N24,0.4293058714604463,Ca,Co,Mn,4.0
42,K4 V4 Os4 C24 N24,K4 V4 Os4 C24 N24,0.08973499662711326,K,V,Os,4.0
43,Li4 Mn4 Fe4 C24 N24,Li4 Mn4 Fe4 C24 N24,0.2992565657740052,Li,Fe,Mn,4.0
44,,,,,,,
45,Ca4 Zn4 Os4 C24 N24,Ca4 Zn4 Os4 C24 N24,0.31383429521044537,Ca,Zn,Os,4.0
46,Li4 V4 Fe4 C24 N24,Li4 V4 Fe4 C24 N24,0.4253237147740041,Li,Fe,V,4.0
47,,,,,,,
48,Ca4 V8 C24 N24,Ca4 V8 C24 N24,0.5487940156271129,Ca,V,V,4.0
49,Sr4 Zn4 Co4 C24 N24,Sr4 Zn4 Co4 C24 N24,0.4240756241468899,Sr,Zn,Co,4.0
50,Sr4 Mn4 V4 C24 N24,Sr4 Mn4 V4 C24 N24,0.434644857238224,Sr,Mn,V,4.0
51,Sr4 Mn4 Co4 C24 N24,Sr4 Mn4 Co4 C24 N24,0.3230088095715597,Sr,Mn,Co,4.0
52,,,,,,,
53,Ca4 Fe4 Co4 C24 N24,Ca4 Fe4 Co4 C24 N24,0.3928789396271109,Ca,Co,Fe,4.0
54,Na4 Cr4 Os4 C24 N24,Na4 Cr4 Os4 C24 N24,0.07449715957155689,Na,Cr,Os,4.0
55,,,,,,,
56,Sr4 V4 Cr4 C24 N24,Sr4 V4 Cr4 C24 N24,0.4389355085715554,Sr,Cr,V,4.0
57,K4 Cr4 Os4 C24 N24,K4 Cr4 Os4 C24 N24,0.025119948293777842,K,Cr,Os,4.0
58,K4 Fe4 Os4 C24 N24,K4 Fe4 Os4 C24 N24,0.0993908917937798,K,Fe,Os,4.0
59,,,,,,,
60,,,,,,,
61,,,,,,,
62,,,,,,,
63,K4 Mn4 Cr4 C24 N24,K4 Mn4 Cr4 C24 N24,0.2307250894524451,K,Mn,Cr,4.0
64,,,,,,,
65,K4 V4 Co4 C24 N24,K4 V4 Co4 C24 N24,0.3638912662857816,K,Co,V,4.0
66,Na4 Mn4 Fe4 C24 N24,Na4 Mn4 Fe4 C24 N24,0.1901598515635552,Na,Mn,Fe,4.0
67,,,,,,,
68,Na4 Mn4 Os4 C24 N24,Na4 Mn4 Os4 C24 N24,0.11705639640489095,Na,Mn,Os,4.0
69,Ca4 Zn4 Cr4 C24 N24,Ca4 Zn4 Cr4 C24 N24,0.5331443703691114,Ca,Zn,Cr,4.0
70,K4 Cr4 Fe4 C24 N24,K4 Cr4 Fe4 C24 N24,0.09221554845244384,K,Cr,Fe,4.0
71,Li4 Mn4 V4 C24 N24,Li4 Mn4 V4 C24 N24,0.28938558260733593,Li,V,Mn,4.0
72,Mg4 Zn4 Os4 C24 N24,Mg4 Zn4 Os4 C24 N24,0.4867180564882237,Mg,Zn,Os,4.0
73,Mg4 V4 Fe4 C24 N24,Mg4 V4 Fe4 C24 N24,0.3764012306906661,Mg,V,Fe,4.0
74,Sr4 V4 Fe4 C24 N24,Sr4 V4 Fe4 C24 N24,0.2825439945715562,Sr,V,Fe,4.0
75,Na4 V4 Zn4 C24 N24,Na4 V4 Zn4 C24 N24,0.4698987834722237,Na,Zn,V,4.0
76,,,,,,,
77,Sr4 V4 Co4 C24 N24,Sr4 V4 Co4 C24 N24,0.4075575917382235,Sr,V,Co,4.0
78,Mg4 V4 Cr4 C24 N24,Mg4 V4 Cr4 C24 N24,0.5682652244048914,Mg,Cr,V,4.0
79,,,,,,,
80,Mg4 Fe4 Os4 C24 N24,Mg4 Fe4 Os4 C24 N24,0.3836765414128909,Mg,Fe,Os,4.0
81,,,,,,,
82,Sr4 Mn4 Cr4 C24 N24,Sr4 Mn4 Cr4 C24 N24,0.2438182295715592,Sr,Cr,Mn,4.0
83,Mg4 Mn4 Fe4 C24 N24,Mg4 Mn4 Fe4 C24 N24,0.43439062640488935,Mg,Mn,Fe,4.0
84,Li4 Mn8 C24 N24,Li4 Mn8 C24 N24,0.2744810997740021,Li,Mn,Mn,4.0
85,Ca4 Cr4 Co4 C24 N24,Ca4 Cr4 Co4 C24 N24,0.512853549960445,Ca,Co,Cr,4.0
86,,,,,,,
87,,,,,,,
88,,,,,,,
89,Mg4 Mn4 V4 C24 N24,Mg4 Mn4 V4 C24 N24,0.6048260770715572,Mg,Mn,V,4.0
90,Na4 Cr4 Fe4 C24 N24,Na4 Cr4 Fe4 C24 N24,0.13993607039688882,Na,Cr,Fe,4.0
91,K4 Fe4 Co4 C24 N24,K4 Fe4 Co4 C24 N24,0.17434748061911165,K,Co,Fe,4.0
92,,,,,,,
93,Li4 V4 Os4 C24 N24,Li4 V4 Os4 C24 N24,0.17789649644866934,Li,V,Os,4.0
94,K4 Cr4 Fe4 C24 N24,K4 Cr4 Fe4 C24 N24,0.2318674186191121,K,Fe,Cr,4.0
95,,,,,,,
96,Mg4 V4 Co4 C24 N24,Mg4 V4 Co4 C24 N24,0.4723125060715558,Mg,V,Co,4.0
97,Li4 Mn4 Co4 C24 N24,Li4 Mn4 Co4 C24 N24,0.3517873667740039,Li,Co,Mn,4.0
98,,,,,,,
99,K4 Zn4 Fe4 C24 N24,K4 Zn4 Fe4 C24 N24,0.26002363769444514,K,Zn,Fe,4.0
100,,,,,,,
101,K4 V4 Zn4 C24 N24,K4 V4 Zn4 C24 N24,0.4237809698611139,K,Zn,V,4.0
102,Mg4 Zn4 Cr4 C24 N24,Mg4 Zn4 Cr4 C24 N24,0.596209968146888,Mg,Zn,Cr,4.0
103,,,,,,,
104,Li2 Zn4 Co4 C24 N24,Li2 Zn4 Co4 C24 N24,0.3278229947189635,Li,Zn,Co,2.0
105,Mg2 Cr4 Os4 C24 N24,Mg2 Cr4 Os4 C24 N24,0.2041278326480445,Mg,Cr,Os,2.0
106,Sr2 Fe4 Co4 C24 N24,Sr2 Fe4 Co4 C24 N24,0.22810726574321905,Sr,Co,Fe,2.0
107,Mg2 V4 Co4 C24 N24,Mg2 V4 Co4 C24 N24,0.5407168897087349,Mg,Co,V,2.0
108,Na2 Mn8 C24 N24,Na2 Mn8 C24 N24,0.2273471273770138,Na,Mn,Mn,2.0
109,,,,,,,
110,Li2 Mn4 Cr4 C24 N24,Li2 Mn4 Cr4 C24 N24,0.3004014741237899,Li,Mn,Cr,2.0
111,Sr2 Co4 Os4 C24 N24,Sr2 Co4 Os4 C24 N24,0.16265580799287171,Sr,Co,Os,2.0
112,K2 Mn4 V4 C24 N24,K2 Mn4 V4 C24 N24,0.3327418599919554,K,Mn,V,2.0
113,K2 Cr4 Fe4 C24 N24,K2 Cr4 Fe4 C24 N24,0.2648799029229867,K,Fe,Cr,2.0
114,Na2 Mn4 V4 C24 N24,Na2 Mn4 V4 C24 N24,0.3582865541011486,Na,Mn,V,2.0
115,Mg2 Mn4 Co4 C24 N24,Mg2 Mn4 Co4 C24 N24,0.3377482300535615,Mg,Mn,Co,2.0
116,Ca2 Mn4 Os4 C24 N24,Ca2 Mn4 Os4 C24 N24,0.18051470276298787,Ca,Mn,Os,2.0
117,Li2 Zn4 Os4 C24 N24,Li2 Zn4 Os4 C24 N24,0.3181779336927564,Li,Zn,Os,2.0
118,,,,,,,
119,K2 Mn8 C24 N24,K2 Mn8 C24 N24,0.20306153102644053,K,Mn,Mn,2.0
120,Mg2 V8 C24 N24,Mg2 V8 C24 N24,0.5227407314328758,Mg,V,V,2.0
121,,,,,,,
122,K2 Fe4 Os4 C24 N24,K2 Fe4 Os4 C24 N24,0.12761132258643748,K,Fe,Os,2.0
123,Sr2 V4 Cr4 C24 N24,Sr2 V4 Cr4 C24 N24,0.3114396798811505,Sr,V,Cr,2.0
124,Ca2 Mn8 C24 N24,Ca2 Mn8 C24 N24,0.2933130680995397,Ca,Mn,Mn,2.0
125,Li2 Zn4 Cr4 C24 N24,Li2 Zn4 Cr4 C24 N24,0.4274773164431016,Li,Zn,Cr,2.0
126,,,,,,,
127,Ca2 Fe8 C24 N24,Ca2 Fe8 C24 N24,0.2735384043064375,Ca,Fe,Fe,2.0
128,,,,,,,
129,Li2 Cr4 Co4 C24 N24,Li2 Cr4 Co4 C24 N24,0.3480312706755129,Li,Co,Cr,2.0
130,Mg2 Fe4 Co4 C24 N24,Mg2 Fe4 Co4 C24 N24,0.3217451860880445,Mg,Fe,Co,2.0
131,Sr2 V4 Fe4 C24 N24,Sr2 V4 Fe4 C24 N24,0.22106508953632087,Sr,V,Fe,2.0
132,Sr2 Cr4 Co4 C24 N24,Sr2 Cr4 Co4 C24 N24,0.3669062852259781,Sr,Co,Cr,2.0
133,K2 Cr4 Os4 C24 N24,K2 Cr4 Os4 C24 N24,0.052049984482989586,K,Cr,Os,2.0
134,Ca2 Cr8 C24 N24,Ca2 Cr8 C24 N24,0.3319159694788514,Ca,Cr,Cr,2.0
135,Sr2 Mn4 V4 C24 N24,Sr2 Mn4 V4 C24 N24,0.2578140955708026,Sr,V,Mn,2.0
136,,,,,,,
137,Na2 V4 Co4 C24 N24,Na2 V4 Co4 C24 N24,0.2063453880666657,Na,V,Co,2.0
138,Mg2 Cr4 Co4 C24 N24,Mg2 Cr4 Co4 C24 N24,0.28992462815701003,Mg,Cr,Co,2.0
139,,,,,,,
140,Mg2 Cr4 Fe4 C24 N24,Mg2 Cr4 Fe4 C24 N24,0.2777652695363209,Mg,Cr,Fe,2.0
141,Sr2 Fe8 C24 N24,Sr2 Fe8 C24 N24,0.2276769472949418,Sr,Fe,Fe,2.0
142,Mg2 Mn4 Fe4 C24 N24,Mg2 Mn4 Fe4 C24 N24,0.30710363815701136,Mg,Mn,Fe,2.0
143,Sr2 Mn4 Fe4 C24 N24,Sr2 Mn4 Fe4 C24 N24,0.20197146298459856,Sr,Mn,Fe,2.0
144,Li2 V4 Cr4 C24 N24,Li2 V4 Cr4 C24 N24,0.35339581636517003,Li,Cr,V,2.0
145,,,,,,,
146,,,,,,,
147,,,,,,,
148,Mg2 Co4 Os4 C24 N24,Mg2 Co4 Os4 C24 N24,0.2911072779928752,Mg,Co,Os,2.0
149,Mg2 V4 Cr4 C24 N24,Mg2 V4 Cr4 C24 N24,0.4536617126397697,Mg,Cr,V,2.0
150,Mg2 V4 Cr4 C24 N24,Mg2 V4 Cr4 C24 N24,0.4185599288466655,Mg,V,Cr,2.0
151,Na2 V4 Fe4 C24 N24,Na2 V4 Fe4 C24 N24,0.3850135237563226,Na,Fe,V,2.0
152,K2 Mn4 Zn4 C24 N24,K2 Mn4 Zn4 C24 N24,0.32911054386298666,K,Zn,Mn,2.0
153,Ca2 Cr4 Co4 C24 N24,Ca2 Cr4 Co4 C24 N24,0.3823237291462061,Ca,Co,Cr,2.0
154,Sr2 V4 Cr4 C24 N24,Sr2 V4 Cr4 C24 N24,0.35006211712252977,Sr,Cr,V,2.0
155,Sr2 Mn4 Cr4 C24 N24,Sr2 Mn4 Cr4 C24 N24,0.2958455555708053,Sr,Mn,Cr,2.0
156,,,,,,,
157,,,,,,,
158,,,,,,,
159,,,,,,,
160,Li2 Fe4 Co4 C24 N24,Li2 Fe4 Co4 C24 N24,0.2253093103306867,Li,Fe,Co,2.0
161,,,,,,,
162,,,,,,,
163,,,,,,,
164,K2 V4 Cr4 C24 N24,K2 V4 Cr4 C24 N24,0.30129373154367656,K,Cr,V,2.0
165,Na2 V4 Co4 C24 N24,Na2 V4 Co4 C24 N24,0.4142873306528738,Na,Co,V,2.0
166,,,,,,,
167,Sr2 Mn4 Cr4 C24 N24,Sr2 Mn4 Cr4 C24 N24,0.22082712488115064,Sr,Cr,Mn,2.0
168,,,,,,,
169,Li2 Cr8 C24 N24,Li2 Cr8 C24 N24,0.26763373015827696,Li,Cr,Cr,2.0
170,K2 Fe8 C24 N24,K2 Fe8 C24 N24,0.20576344464712906,K,Fe,Fe,2.0
171,K2 Mn4 Fe4 C24 N24,K2 Mn4 Fe4 C24 N24,0.1600846386126431,K,Mn,Fe,2.0
172,K2 Co4 Os4 C24 N24,K2 Co4 Os4 C24 N24,0.1437073406898861,K,Co,Os,2.0
173,,,,,,,
174,Li2 Mn4 Co4 C24 N24,Li2 Mn4 Co4 C24 N24,0.2358819968824104,Li,Mn,Co,2.0
175,Li2 Mn4 Fe4 C24 N24,Li2 Mn4 Fe4 C24 N24,0.20833847808930628,Li,Mn,Fe,2.0
176,Sr2 V4 Co4 C24 N24,Sr2 V4 Co4 C24 N24,0.43933751643287344,Sr,Co,V,2.0
177,Ca2 Cr4 Fe4 C24 N24,Ca2 Cr4 Fe4 C24 N24,0.20555469499609025,Ca,Cr,Fe,2.0
178,,,,,,,
179,Mg2 Mn4 V4 C24 N24,Mg2 Mn4 V4 C24 N24,0.3579224265970105,Mg,V,Mn,2.0
180,Li2 Cr4 Os4 C24 N24,Li2 Cr4 Os4 C24 N24,0.10273790413206464,Li,Cr,Os,2.0
181,K2 Mn4 Os4 C24 N24,K2 Mn4 Os4 C24 N24,0.08228765413816141,K,Mn,Os,2.0
182,Ca2 V4 Cr4 C24 N24,Ca2 V4 Cr4 C24 N24,0.3994392074098858,Ca,Cr,V,2.0
183,,,,,,,
184,,,,,,,
185,,,,,,,
186,Mg2 Mn4 Os4 C24 N24,Mg2 Mn4 Os4 C24 N24,0.2321098331652873,Mg,Mn,Os,2.0
187,Sr2 V8 C24 N24,Sr2 V8 C24 N24,0.4170778676397706,Sr,V,V,2.0
188,Sr2 Fe4 Co4 C24 N24,Sr2 Fe4 Co4 C24 N24,0.20842404574321804,Sr,Fe,Co,2.0
189,Na2 Mn4 Fe4 C24 N24,Na2 Mn4 Fe4 C24 N24,0.18378237789425167,Na,Mn,Fe,2.0
190,,,,,,,
191,,,,,,,
192,Mg2 Fe4 Co4 C24 N24,Mg2 Fe4 Co4 C24 N24,0.3570524940190793,Mg,Co,Fe,2.0
193,Mg2 Fe8 C24 N24,Mg2 Fe8 C24 N24,0.3476269014328732,Mg,Fe,Fe,2.0
194,Na2 Zn4 Co4 C24 N24,Na2 Zn4 Co4 C24 N24,0.3031470229721833,Na,Zn,Co,2.0
195,Ca2 Cr4 Os4 C24 N24,Ca2 Cr4 Os4 C24 N24,0.13642798207333404,Ca,Cr,Os,2.0
196,Sr2 Zn4 Os4 C24 N24,Sr2 Zn4 Os4 C24 N24,0.2774111099673551,Sr,Zn,Os,2.0
197,Na2 Cr4 Fe4 C24 N24,Na2 Cr4 Fe4 C24 N24,0.15466698858390693,Na,Cr,Fe,2.0
198,Sr2 V4 Fe4 C24 N24,Sr2 V4 Fe4 C24 N24,0.4017809916052872,Sr,Fe,V,2.0
199,Na2 Mn4 Co4 C24 N24,Na2 Mn4 Co4 C24 N24,0.3069566009977009,Na,Co,Mn,2.0
200,,,,,,,
201,Mg2 Mn4 Zn4 C24 N24,Mg2 Mn4 Zn4 C24 N24,0.4810659882349437,Mg,Zn,Mn,2.0
202,,,,,,,
203,,,,,,,
204,Ca2 Fe4 Co4 C24 N24,Ca2 Fe4 Co4 C24 N24,0.2537019562029883,Ca,Fe,Co,2.0
205,Li2 Fe8 C24 N24,Li2 Fe8 C24 N24,0.25528163033069085,Li,Fe,Fe,2.0
206,K2 V4 Co4 C24 N24,K2 V4 Co4 C24 N24,0.3879635627505742,K,Co,V,2.0
207,K2 Cr4 Fe4 C24 N24,K2 Cr4 Fe4 C24 N24,0.13055525757816078,K,Cr,Fe,2.0
208,Na2 V4 Fe4 C24 N24,Na2 V4 Fe4 C24 N24,0.20460153237701206,Na,V,Fe,2.0
209,Sr2 Mn4 Co4 C24 N24,Sr2 Mn4 Co4 C24 N24,0.2458501778121853,Sr,Mn,Co,2.0
210,K2 Fe4 Co4 C24 N24,K2 Fe4 Co4 C24 N24,0.17784943499195371,K,Fe,Co,2.0
211,,,,,,,
212,Li2 V4 Fe4 C24 N24,Li2 V4 Fe4 C24 N24,0.20548492477034586,Li,V,Fe,2.0
213,Mg2 Mn4 V4 C24 N24,Mg2 Mn4 V4 C24 N24,0.484042784881149,Mg,Mn,V,2.0
214,K2 V4 Co4 C24 N24,K2 V4 Co4 C24 N24,0.1819866136126436,K,V,Co,2.0
215,,,,,,,
216,,,,,,,
217,Mg2 V4 Co4 C24 N24,Mg2 V4 Co4 C24 N24,0.33286571195011483,Mg,V,Co,2.0
218,Sr2 Fe4 Os4 C24 N24,Sr2 Fe4 Os4 C24 N24,0.15813771385494135,Sr,Fe,Os,2.0
219,,,,,,,
220,Li2 Mn4 Fe4 C24 N24,Li2 Mn4 Fe4 C24 N24,0.28108370964103097,Li,Fe,Mn,2.0
221,Na2 Fe8 C24 N24,Na2 Fe8 C24 N24,0.2294062928942555,Na,Fe,Fe,2.0
222,,,,,,,
223,,,,,,,
224,,,,,,,
225,Na2 V8 C24 N24,Na2 V8 C24 N24,0.3963147423770117,Na,V,V,2.0
226,Sr2 V4 Os4 C24 N24,Sr2 V4 Os4 C24 N24,0.1499217614411492,Sr,V,Os,2.0
227,,,,,,,
228,,,,,,,
229,Li2 Mn4 Os4 C24 N24,Li2 Mn4 Os4 C24 N24,0.13264919344240944,Li,Mn,Os,2.0
230,,,,,,,
231,,,,,,,
232,,,,,,,
233,,,,,,,
234,K2 Cr4 Co4 C24 N24,K2 Cr4 Co4 C24 N24,0.14616255481953822,K,Cr,Co,2.0
235,Ca2 Zn4 Cr4 C24 N24,Ca2 Zn4 Cr4 C24 N24,0.4220448019705732,Ca,Zn,Cr,2.0
236,Ca2 Mn4 Zn4 C24 N24,Ca2 Mn4 Zn4 C24 N24,0.4071169349016088,Ca,Zn,Mn,2.0
237,,,,,,,
238,Li2 Co4 Os4 C24 N24,Li2 Co4 Os4 C24 N24,0.19452344706309788,Li,Co,Os,2.0
239,Na2 V4 Cr4 C24 N24,Na2 V4 Cr4 C24 N24,0.3281960530666659,Na,Cr,V,2.0
240,,,,,,,
241,Mg2 Mn4 Cr4 C24 N24,Mg2 Mn4 Cr4 C24 N24,0.3353987133294236,Mg,Cr,Mn,2.0
242,,,,,,,
243,,,,,,,
244,Sr2 Mn4 Fe4 C24 N24,Sr2 Mn4 Fe4 C24 N24,0.2671353790190807,Sr,Fe,Mn,2.0
245,Na2 Cr4 Co4 C24 N24,Na2 Cr4 Co4 C24 N24,0.17058711082528433,Na,Cr,Co,2.0
246,,,,,,,
247,,,,,,,
248,Ca2 Mn4 V4 C24 N24,Ca2 Mn4 V4 C24 N24,0.4346847348236782,Ca,Mn,V,2.0
249,,,,,,,
250,,,,,,,
251,Sr2 Co8 C24 N24,Sr2 Co8 C24 N24,0.26183067005356264,Sr,Co,Co,2.0
252,,,,,,,
253,K2 Mn4 V4 C24 N24,K2 Mn4 V4 C24 N24,0.2231724855091972,K,V,Mn,2.0
254,,,,,,,
255,Li2 Mn8 C24 N24,Li2 Mn8 C24 N24,0.2522105342962089,Li,Mn,Mn,2.0
256,,,,,,,
257,Mg2 Fe4 Os4 C24 N24,Mg2 Fe4 Os4 C24 N24,0.2746275357514936,Mg,Fe,Os,2.0
258,Li2 V4 Zn4 C24 N24,Li2 V4 Zn4 C24 N24,0.5266698628224118,Li,Zn,V,2.0
259,Sr2 Mn4 Zn4 C24 N24,Sr2 Mn4 Zn4 C24 N24,0.35807087357977,Sr,Zn,Mn,2.0
260,Ca2 Mn4 Cr4 C24 N24,Ca2 Mn4 Cr4 C24 N24,0.26989619706505685,Ca,Cr,Mn,2.0
261,K2 V4 Fe4 C24 N24,K2 V4 Fe4 C24 N24,0.35984089275057585,K,Fe,V,2.0
262,Ca2 Mn4 Co4 C24 N24,Ca2 Mn4 Co4 C24 N24,0.3658977824098848,Ca,Co,Mn,2.0
263,,,,,,,
264,Mg2 V4 Os4 C24 N24,Mg2 V4 Os4 C24 N24,0.20921223814068848,Mg,V,Os,2.0
265,,,,,,,
266,Li2 Mn4 Cr4 C24 N24,Li2 Mn4 Cr4 C24 N24,0.2348828506755148,Li,Cr,Mn,2.0
267,Mg2 V4 Fe4 C24 N24,Mg2 V4 Fe4 C24 N24,0.3314632659156338,Mg,V,Fe,2.0
268,Ca2 Zn4 Os4 C24 N24,Ca2 Zn4 Os4 C24 N24,0.32496626042712684,Ca,Zn,Os,2.0
269,,,,,,,
270,,,,,,,
271,,,,,,,
272,,,,,,,
273,Sr2 V4 Zn4 C24 N24,Sr2 V4 Zn4 C24 N24,0.5026719168556308,Sr,Zn,V,2.0
274,Ca2 Cr4 Co4 C24 N24,Ca2 Cr4 Co4 C24 N24,0.2821505532719541,Ca,Cr,Co,2.0
275,,,,,,,
276,,,,,,,
277,,,,,,,
278,Li2 Zn4 Fe4 C24 N24,Li2 Zn4 Fe4 C24 N24,0.3798141957534461,Li,Zn,Fe,2.0
279,,,,,,,
280,,,,,,,
281,K2 Mn4 Cr4 C24 N24,K2 Mn4 Cr4 C24 N24,0.25061373878505755,K,Mn,Cr,2.0
282,Sr2 Mn4 V4 C24 N24,Sr2 Mn4 V4 C24 N24,0.3863995398811486,Sr,Mn,V,2.0
283,,,,,,,
284,K2 V4 Cr4 C24 N24,K2 V4 Cr4 C24 N24,0.2541653624057467,K,V,Cr,2.0
285,Ca2 Mn4 Co4 C24 N24,Ca2 Mn4 Co4 C24 N24,0.2908132339616092,Ca,Mn,Co,2.0
286,,,,,,,
287,Sr2 Mn4 Os4 C24 N24,Sr2 Mn4 Os4 C24 N24,0.13193479454459478,Sr,Mn,Os,2.0
288,,,,,,,
289,,,,,,,
290,Na2 Zn4 Os4 C24 N24,Na2 Zn4 Os4 C24 N24,0.29245002194597713,Na,Zn,Os,2.0
291,Sr2 Cr4 Os4 C24 N24,Sr2 Cr4 Os4 C24 N24,0.08716707144114544,Sr,Cr,Os,2.0
292,Na2 Fe4 Os4 C24 N24,Na2 Fe4 Os4 C24 N24,0.13415078287379245,Na,Fe,Os,2.0
293,Na2 Mn4 Cr4 C24 N24,Na2 Mn4 Cr4 C24 N24,0.19949414121126446,Na,Mn,Cr,2.0
294,Li2 V4 Co4 C24 N24,Li2 V4 Co4 C24 N24,0.2318866273996533,Li,V,Co,2.0
295,,,,,,,
296,,,,,,,
297,Mg2 Mn4 Fe4 C24 N24,Mg2 Mn4 Fe4 C24 N24,0.3807340843639064,Mg,Fe,Mn,2.0
298,Sr2 Cr4 Fe4 C24 N24,Sr2 Cr4 Fe4 C24 N24,0.2963312322949445,Sr,Fe,Cr,2.0
299,,,,,,,
300,K2 Mn4 Cr4 C24 N24,K2 Mn4 Cr4 C24 N24,0.18308700792298715,K,Cr,Mn,2.0
301,Na2 Fe4 Co4 C24 N24,Na2 Fe4 Co4 C24 N24,0.23999513289425245,Na,Co,Fe,2.0
302,,,,,,,
303,,,,,,,
304,K2 V8 C24 N24,K2 V8 C24 N24,0.3681116774057481,K,V,V,2.0
305,K2 Mn4 Fe4 C24 N24,K2 Mn4 Fe4 C24 N24,0.2323708286126429,K,Fe,Mn,2.0
306,Li2 V4 Cr4 C24 N24,Li2 V4 Cr4 C24 N24,0.3039431739513763,Li,V,Cr,2.0
307,,,,,,,
308,Mg2 Zn4 Os4 C24 N24,Mg2 Zn4 Os4 C24 N24,0.4098636272087353,Mg,Zn,Os,2.0
309,,,,,,,
310,,,,,,,
311,,,,,,,
312,Ca2 V4 Co4 C24 N24,Ca2 V4 Co4 C24 N24,0.4873309951685041,Ca,Co,V,2.0
313,Mg2 V4 Fe4 C24 N24,Mg2 V4 Fe4 C24 N24,0.5107114750535633,Mg,Fe,V,2.0
314,,,,,,,
315,,,,,,,
316,Na2 Mn4 Cr4 C24 N24,Na2 Mn4 Cr4 C24 N24,0.20780143823907693,Na,Cr,Mn,2.0
317,K2 Zn4 Fe4 C24 N24,K2 Zn4 Fe4 C24 N24,0.3295536188629873,K,Zn,Fe,2.0
318,Ca2 Mn4 Cr4 C24 N24,Ca2 Mn4 Cr4 C24 N24,0.3435951124098846,Ca,Mn,Cr,2.0
319,,,,,,,
320,,,,,,,
321,,,,,,,
322,,,,,,,
323,Sr2 V4 Co4 C24 N24,Sr2 V4 Co4 C24 N24,0.2479524140190801,Sr,V,Co,2.0
324,Li2 Cr4 Fe4 C24 N24,Li2 Cr4 Fe4 C24 N24,0.3149908829168933,Li,Fe,Cr,2.0
325,Ca2 Co4 Os4 C24 N24,Ca2 Co4 Os4 C24 N24,0.21098478017678168,Ca,Co,Os,2.0
326,,,,,,,
327,Sr2 Cr8 C24 N24,Sr2 Cr8 C24 N24,0.2818773040190816,Sr,Cr,Cr,2.0
328,,,,,,,
329,,,,,,,
330,Li2 Fe4 Os4 C24 N24,Li2 Fe4 Os4 C24 N24,0.1774698601665481,Li,Fe,Os,2.0
331,,,,,,,
332,,,,,,,
333,Na2 Co4 Os4 C24 N24,Na2 Co4 Os4 C24 N24,0.15340850942551576,Na,Co,Os,2.0
334,Ca2 Fe4 Co4 C24 N24,Ca2 Fe4 Co4 C24 N24,0.27464642137540274,Ca,Co,Fe,2.0
335,Li2 Mn4 V4 C24 N24,Li2 Mn4 V4 C24 N24,0.3830708087789621,Li,Mn,V,2.0
336,Na2 Mn4 Fe4 C24 N24,Na2 Mn4 Fe4 C24 N24,0.2568082787563206,Na,Fe,Mn,2.0
337,,,,,,,
338,,,,,,,
339,,,,,,,
340,,,,,,,
341,,,,,,,
342,K2 Co8 C24 N24,K2 Co8 C24 N24,0.1983724970609213,K,Co,Co,2.0
343,,,,,,,
344,,,,,,,
345,,,,,,,
346,,,,,,,
347,,,,,,,
348,Na2 V4 Zn4 C24 N24,Na2 V4 Zn4 C24 N24,0.5042339550411485,Na,Zn,V,2.0
349,,,,,,,
350,,,,,,,
351,K2 Cr8 C24 N24,K2 Cr8 C24 N24,0.21711724964712786,K,Cr,Cr,2.0
352,,,,,,,
353,,,,,,,
354,Ca2 V4 Fe4 C24 N24,Ca2 V4 Fe4 C24 N24,0.4488439739616101,Ca,Fe,V,2.0
355,,,,,,,
356,Sr2 Zn4 Cr4 C24 N24,Sr2 Zn4 Cr4 C24 N24,0.3767827216832167,Sr,Zn,Cr,2.0
357,Ca2 V4 Os4 C24 N24,Ca2 V4 Os4 C24 N24,0.0,Ca,V,Os,2.0
358,,,,,,,
359,,,,,,,
360,,,,,,,
361,,,,,,,
362,,,,,,,
363,Mg2 Zn4 Co4 C24 N24,Mg2 Zn4 Co4 C24 N24,0.3917280868556325,Mg,Zn,Co,2.0
364,,Na2 Zn4 Cr4 C24 N24,0.4021772665928722,Na,Zn,Cr,2.0
365,,Li2 V4 Co4 C24 N24,0.4378058851582729,Li,Co,V,2.0
366,,Mg2 V4 Zn4 C24 N24,0.6291576399590806,Mg,Zn,V,2.0
367,,,,,,,
368,,K2 V4 Os4 C24 N24,0.0975465094829886,K,V,Os,2.0
369,,,,,,,
370,,,,,,,
371,,,,,,,
372,,,,,,,
373,,,,,,,
374,,Na2 Cr4 Os4 C24 N24,0.07768963910942439,Na,Cr,Os,2.0
375,,,,,,,
376,,,,,,,
377,,Mg2 Co8 C24 N24,0.3499028864328739,Mg,Co,Co,2.0
378,,,,,,,
379,,,,,,,
380,,,,,,,
381,,Na2 Cr8 C24 N24,0.2440903923770125,Na,Cr,Cr,2.0
382,,,,,,,
383,,Ca2 Mn4 V4 C24 N24,0.31081144154781626,Ca,V,Mn,2.0
384,,Li2 V4 Fe4 C24 N24,0.4115798494686196,Li,Fe,V,2.0
385,,,,,,,
386,,,,,,,
387,,,,,,,
388,,,,,,,
389,,Li2 Cr4 Fe4 C24 N24,0.17937248205482348,Li,Cr,Fe,2.0
390,,,,,,,
391,,,,,,,
392,,,,,,,
393,,Mg2 Cr8 C24 N24,0.3685631179845963,Mg,Cr,Cr,2.0
394,,K2 Fe4 Co4 C24 N24,0.2167374868885048,K,Co,Fe,2.0
395,,Na2 V4 Cr4 C24 N24,0.28768619030804565,Na,V,Cr,2.0
396,,,,,,,
397,,,,,,,
398,,,,,,,
399,,,,,,,
400,,,,,,,
401,,,,,,,
402,,K2 Zn4 Os4 C24 N24,0.26595017266437004,K,Zn,Os,2.0
403,,,,,,,
404,,,,,,,
405,,Li2 V8 C24 N24,0.4229758563651736,Li,V,V,2.0
406,,,,,,,
407,,,,,,,
408,,,,,,,
409,,Sr2 Mn8 C24 N24,0.2403692317777022,Sr,Mn,Mn,2.0
410,,,,,,,
411,,,,,,,
412,,Ca2 Fe4 Os4 C24 N24,0.2053739725905732,Ca,Fe,Os,2.0
413,,,,,,,
414,,,,,,,
415,,Na2 Cr4 Fe4 C24 N24,0.2895445073770109,Na,Fe,Cr,2.0
416,,Ca2 Cr4 Fe4 C24 N24,0.34291720206505616,Ca,Fe,Cr,2.0
417,,Mg2 Cr4 Fe4 C24 N24,0.4118594697087357,Mg,Fe,Cr,2.0
418,,,,,,,
419,,,,,,,
420,,,,,,,
421,,,,,,,
422,,,,,,,
423,,Na2 Fe4 Co4 C24 N24,0.20143176117011485,Na,Fe,Co,2.0
424,,,,,,,
425,,,,,,,
426,,,,,,,
427,,,,,,,
428,,Na2 Mn4 Os4 C24 N24,0.10761376548873614,Na,Mn,Os,2.0
429,,,,,,,
430,,,,,,,
431,,,,,,,
432,,,,,,,
433,,,,,,,
434,,,,,,,
435,,K2 Mn4 Co4 C24 N24,0.28299416723333515,K,Co,Mn,2.0
436,,,,,,,
437,,,,,,,
438,,,,,,,
439,,K2 Cr4 Co4 C24 N24,0.30353648688850393,K,Co,Cr,2.0
440,,,,,,,
441,,,,,,,
442,,,,,,,
443,,Li2 Fe4 Co4 C24 N24,0.26431396670999696,Li,Co,Fe,2.0
444,,,,,,,
445,,,,,,,
446,,,,,,,
447,,Na2 Co8 C24 N24,0.2215719358252884,Na,Co,Co,2.0
448,,,,,,,
449,,,,,,,
450,,,,,,,
451,,,,,,,
452,,,,,,,
453,,,,,,,
454,,,,,,,
455,,Li2 V4 Os4 C24 N24,0.14806416809758186,Li,V,Os,2.0
456,,,,,,,
457,,Ca2 V4 Co4 C24 N24,0.2947492643064358,Ca,V,Co,2.0
458,,,,,,,
459,,,,,,,
460,,,,,,,
461,,,,,,,
462,,,,,,,
463,,,,,,,
464,,,,,,,
465,,Li6 Mn4 V4 C24 N24,0.4466419898983869,Li,Mn,V,6.0
466,,K2 Mn4 Co4 C24 N24,0.18823296964712632,K,Mn,Co,2.0
467,,,,,,,
468,,Ca2 V8 C24 N24,0.4661792610305788,Ca,V,V,2.0
469,,Na6 Fe4 Co4 C24 N24,0.2545867887903217,Na,Fe,Co,6.0
470,,,,,,,
471,,,,,,,
472,,Li6 Fe4 Os4 C24 N24,0.2162025829706451,Li,Fe,Os,6.0
473,,Na6 V4 Cr4 C24 N24,0.29606184270833324,Na,V,Cr,6.0
474,,K6 Fe8 C24 N24,0.13498450475134405,K,Fe,Fe,6.0
475,,Na6 Cr8 C24 N24,0.27818032819220484,Na,Cr,Cr,6.0
476,,Li6 Mn4 V4 C24 N24,0.3192943132854822,Li,V,Mn,6.0
477,,Na2 Mn4 Co4 C24 N24,0.21165967548045828,Na,Mn,Co,2.0
478,,Sr6 V4 Os4 C24 N24,0.3850956152574216,Sr,V,Os,6.0
479,,Ca6 Fe4 Os4 C24 N24,0.4434995065477416,Ca,Fe,Os,6.0
480,,Na6 Mn4 Zn4 C24 N24,0.30577656304435497,Na,Zn,Mn,6.0
481,,Na6 Mn4 Co4 C24 N24,0.2555635846438156,Na,Mn,Co,6.0
482,,Sr2 Zn4 Fe4 C24 N24,0.3289782727177011,Sr,Zn,Fe,2.0
483,,Mg2 Zn4 Fe4 C24 N24,0.4682942094418392,Mg,Zn,Fe,2.0
484,,K6 V4 Os4 C24 N24,0.08249846540709704,K,V,Os,6.0
485,,K6 Mn8 C24 N24,0.15424969733199134,K,Mn,Mn,6.0
486,,Ca2 Zn4 Co4 C24 N24,0.3036605181774705,Ca,Zn,Co,2.0
487,,K6 V4 Fe4 C24 N24,0.13979427878360262,K,V,Fe,6.0
488,,Ca6 V8 C24 N24,0.6822596063787074,Ca,V,V,6.0
489,,Sr6 Cr8 C24 N24,0.4066478262174176,Sr,Cr,Cr,6.0
490,,,,,,,
491,,Na6 Mn4 Fe4 C24 N24,0.20078861141801066,Na,Mn,Fe,6.0
492,,,,,,,
493,,Ca6 V4 Fe4 C24 N24,0.5371056471851627,Ca,V,Fe,6.0
494,,,,,,,
495,,Sr6 Fe4 Co4 C24 N24,0.39723378024967904,Sr,Co,Fe,6.0
496,,Li6 Cr4 Os4 C24 N24,0.19319168506741669,Li,Cr,Os,6.0
497,,Li6 Mn8 C24 N24,0.3043784740919371,Li,Mn,Mn,6.0
498,,Li6 Cr4 Fe4 C24 N24,0.3697167800596759,Li,Fe,Cr,6.0
499,,Mg6 Cr4 Os4 C24 N24,0.4513441920316144,Mg,Cr,Os,6.0
500,,K6 V4 Cr4 C24 N24,0.2202853466868273,K,V,Cr,6.0
501,,Mg6 Fe4 Os4 C24 N24,0.496269366547744,Mg,Fe,Os,6.0
502,,Na6 Mn4 Fe4 C24 N24,0.2489024849663979,Na,Fe,Mn,6.0
503,,,,,,,
504,,Mg6 Zn4 Cr4 C24 N24,0.7196901812903231,Mg,Zn,Cr,6.0
505,,Li6 V4 Co4 C24 N24,0.37504337393064535,Li,V,Co,6.0
506,,,,,,,
507,,Na6 Fe4 Os4 C24 N24,0.1466349761329031,Na,Fe,Os,6.0
508,,K6 Mn4 Co4 C24 N24,0.22864498209677464,K,Co,Mn,6.0
509,,Sr6 Cr4 Co4 C24 N24,0.48948493105613,Sr,Co,Cr,6.0
510,,,,,,,
511,,Mg6 Zn4 Co4 C24 N24,0.6134145016129047,Mg,Zn,Co,6.0
512,,Ca6 Mn4 V4 C24 N24,0.5134842896045182,Ca,V,Mn,6.0
513,,Mg6 Co8 C24 N24,0.6284947136367736,Mg,Co,Co,6.0
514,,Mg6 Fe4 Co4 C24 N24,0.5810455265400014,Mg,Fe,Co,6.0
515,,,,,,,
516,,Mg6 V4 Zn4 C24 N24,0.8184304138709697,Mg,Zn,V,6.0
517,,,,,,,
518,,Na6 Fe8 C24 N24,0.20364718786962488,Na,Fe,Fe,6.0
519,,Na6 Cr4 Os4 C24 N24,0.12289701468128912,Na,Cr,Os,6.0
520,,Mg6 Co4 Os4 C24 N24,0.5301638731606468,Mg,Co,Os,6.0
521,,Ca6 V4 Cr4 C24 N24,0.5748602587980667,Ca,V,Cr,6.0
522,,,,,,,
523,,Na6 V4 Cr4 C24 N24,0.35277593803091456,Na,Cr,V,6.0
524,,Sr6 Mn4 Os4 C24 N24,0.3023526325154844,Sr,Mn,Os,6.0
525,,Li6 Mn4 Cr4 C24 N24,0.28096473231774155,Li,Cr,Mn,6.0
526,,Li6 V4 Cr4 C24 N24,0.4321825547370963,Li,Cr,V,6.0
527,,Mg6 Mn4 Cr4 C24 N24,0.6420190850883891,Mg,Mn,Cr,6.0
528,,Sr6 Mn4 V4 C24 N24,0.3888663460561297,Sr,V,Mn,6.0
529,,Na6 Cr4 Co4 C24 N24,0.271048382177419,Na,Cr,Co,6.0
530,,Mg6 Cr4 Fe4 C24 N24,0.6534900617012918,Mg,Fe,Cr,6.0
531,,K6 Mn4 Fe4 C24 N24,0.1775039773319893,K,Fe,Mn,6.0
532,,Na6 Mn4 V4 C24 N24,0.2403421154502681,Na,V,Mn,6.0
533,,,,,,,
534,,Ca6 Fe4 Co4 C24 N24,0.5996239439593554,Ca,Fe,Co,6.0
535,,Li6 Mn4 Co4 C24 N24,0.37715904376935416,Li,Co,Mn,6.0
536,,,,,,,
537,,Na6 V4 Os4 C24 N24,0.15508828193935464,Na,V,Os,6.0
538,,Mg6 Cr4 Co4 C24 N24,0.7174806349270977,Mg,Co,Cr,6.0
539,,,,,,,
540,,Sr6 V4 Fe4 C24 N24,0.5403395108948388,Sr,Fe,V,6.0
541,,Na6 Mn4 Co4 C24 N24,0.2982658133534937,Na,Co,Mn,6.0
542,,Ca6 Zn4 Co4 C24 N24,0.6654539195161302,Ca,Zn,Co,6.0
543,,Sr6 V4 Zn4 C24 N24,0.548278043064518,Sr,Zn,V,6.0
544,,,,,,,
545,,Mg6 Mn8 C24 N24,0.5852750629916104,Mg,Mn,Mn,6.0
546,,Sr6 Cr4 Co4 C24 N24,0.4753648800883871,Sr,Cr,Co,6.0
547,,K6 Mn4 V4 C24 N24,0.16594825265457125,K,V,Mn,6.0
548,,Ca6 Mn4 Os4 C24 N24,0.4189061147735487,Ca,Mn,Os,6.0
549,,K6 Mn4 Cr4 C24 N24,0.1288078937836019,K,Cr,Mn,6.0
550,,Na6 Mn4 V4 C24 N24,0.12462586654387132,Na,Mn,V,6.0
551,,,,,,,
552,,,,,,,
553,,Sr6 V4 Cr4 C24 N24,0.5339735544432269,Sr,Cr,V,6.0
554,,,,,,,
555,,Sr6 Zn4 Os4 C24 N24,0.4026116693625825,Sr,Zn,Os,6.0
556,,,,,,,
557,,Ca6 Mn8 C24 N24,0.4755122837980643,Ca,Mn,Mn,6.0
558,,,,,,,
559,,,,,,,
560,,K6 Mn4 V4 C24 N24,0.2932834091061842,K,Mn,V,6.0
561,,Ca6 Mn4 Fe4 C24 N24,0.4686167546045184,Ca,Fe,Mn,6.0
562,,,,,,,
563,,Sr6 Zn4 Fe4 C24 N24,0.4582764459677424,Sr,Zn,Fe,6.0
564,,Ca6 Zn4 Cr4 C24 N24,0.6435846459677439,Ca,Zn,Cr,6.0
565,,,,,,,
566,,Sr6 V4 Co4 C24 N24,0.5860247652496788,Sr,Co,V,6.0
567,,,,,,,
568,,Mg6 Mn4 Zn4 C24 N24,0.6899296780645177,Mg,Zn,Mn,6.0
569,,Sr6 V4 Fe4 C24 N24,0.4447883020238717,Sr,V,Fe,6.0
570,,K6 V8 C24 N24,0.3093064413642459,K,V,V,6.0
571,,,,,,,
572,,Ca6 V4 Zn4 C24 N24,0.7594171445161306,Ca,Zn,V,6.0
573,,,,,,,
574,,Li6 Mn4 Cr4 C24 N24,0.3605645518338694,Li,Mn,Cr,6.0
575,,,,,,,
576,,Sr6 Mn4 V4 C24 N24,0.5166080950883885,Sr,Mn,V,6.0
577,,Ca6 V4 Fe4 C24 N24,0.6638906142819376,Ca,Fe,V,6.0
578,,,,,,,
579,,Sr6 V4 Cr4 C24 N24,0.4453207683141951,Sr,V,Cr,6.0
580,,K6 V4 Cr4 C24 N24,0.27712662297714985,K,Cr,V,6.0
581,,,,,,,
582,,Li6 Mn4 Co4 C24 N24,0.3326278034467736,Li,Mn,Co,6.0
583,,Ca6 Zn4 Os4 C24 N24,0.4954270856529037,Ca,Zn,Os,6.0
584,,Mg6 Mn4 V4 C24 N24,0.6029223502496794,Mg,V,Mn,6.0
585,,,,,,,
586,,,,,,,
587,,Sr6 Co4 Os4 C24 N24,0.3595321104187104,Sr,Co,Os,6.0
588,,Sr6 V8 C24 N24,0.5540634671851628,Sr,V,V,6.0
589,,Li6 V4 Fe4 C24 N24,0.450306628930643,Li,Fe,V,6.0
590,,,,,,,
591,,Li6 Zn4 Cr4 C24 N24,0.4431298391648388,Li,Zn,Cr,6.0
592,,,,,,,
593,,Sr6 Fe4 Os4 C24 N24,0.35685164074129005,Sr,Fe,Os,6.0
594,,,,,,,
595,,Sr6 Cr4 Fe4 C24 N24,0.3904213952496782,Sr,Cr,Fe,6.0
596,,Ca6 Mn4 Cr4 C24 N24,0.5406470350883907,Ca,Mn,Cr,6.0
597,,Li6 Fe8 C24 N24,0.2809833218338733,Li,Fe,Fe,6.0
598,,,,,,,
599,,Na6 Fe4 Co4 C24 N24,0.2380722908870956,Na,Co,Fe,6.0
600,,Mg6 V4 Fe4 C24 N24,0.571015498798066,Mg,V,Fe,6.0
601,,K6 Cr4 Os4 C24 N24,0.05307596734258091,K,Cr,Os,6.0
602,,Li6 V4 Zn4 C24 N24,0.5319297357777408,Li,Zn,V,6.0
603,,,,,,,
604,,,,,,,
605,,Mg6 Cr4 Co4 C24 N24,0.5889399018625818,Mg,Cr,Co,6.0
606,,,,,,,
607,,Mg6 V4 Os4 C24 N24,0.5000741089670981,Mg,V,Os,6.0
608,,,,,,,
609,,,,,,,
610,,,,,,,
611,,Ca6 Fe8 C24 N24,0.5007841015399999,Ca,Fe,Fe,6.0
612,,,,,,,
613,,,,,,,
614,,Li6 V4 Cr4 C24 N24,0.3756928803822568,Li,V,Cr,6.0
615,,Ca6 Co4 Os4 C24 N24,0.4867483020316126,Ca,Co,Os,6.0
616,,K6 Fe4 Os4 C24 N24,0.0773754644393545,K,Fe,Os,6.0
617,,,,,,,
618,,,,,,,
619,,,,,,,
620,,Sr6 Cr4 Fe4 C24 N24,0.4311389360561293,Sr,Fe,Cr,6.0
621,,Mg6 Zn4 Os4 C24 N24,0.5780357933948403,Mg,Zn,Os,6.0
622,,Sr6 Mn8 C24 N24,0.3516860755722586,Sr,Mn,Mn,6.0
623,,,,,,,
624,,,,,,,
625,,,,,,,
626,,Na6 V8 C24 N24,0.3913634514180089,Na,V,V,6.0
627,,K6 V4 Co4 C24 N24,0.05079650891842391,K,V,Co,6.0
628,,Sr6 Mn4 Co4 C24 N24,0.47074966670129204,Sr,Mn,Co,6.0
629,,Na6 V4 Fe4 C24 N24,0.21342395690188096,Na,V,Fe,6.0
630,,K6 Mn4 Fe4 C24 N24,0.13041381733198953,K,Mn,Fe,6.0
631,,Ca6 Cr4 Co4 C24 N24,0.6118882900883884,Ca,Co,Cr,6.0
632,,Na6 V4 Fe4 C24 N24,0.3714351357728489,Na,Fe,V,6.0
633,,,,,,,
634,,,,,,,
635,,,,,,,
636,,K6 Zn4 Os4 C24 N24,0.13731206450940991,K,Zn,Os,6.0
637,,K6 Zn4 Fe4 C24 N24,0.16881702062499926,K,Zn,Fe,6.0
638,,K6 Cr4 Fe4 C24 N24,0.2186714623319883,K,Fe,Cr,6.0
639,,,,,,,
640,,,,,,,
641,,Mg6 V4 Cr4 C24 N24,0.6561034944432276,Mg,V,Cr,6.0
642,,,,,,,
643,,Na6 V4 Co4 C24 N24,0.4312895420161285,Na,Co,V,6.0
644,,K6 Mn4 Zn4 C24 N24,0.22015515175403166,K,Zn,Mn,6.0
645,,,,,,,
646,,Mg6 Mn4 Fe4 C24 N24,0.6112589849270984,Mg,Fe,Mn,6.0
647,,,,,,,
648,,,,,,,
649,,Ca6 V4 Cr4 C24 N24,0.6569539626690357,Ca,Cr,V,6.0
650,,Na6 Mn8 C24 N24,0.2261720848051069,Na,Mn,Mn,6.0
651,,,,,,,
652,,Na6 V4 Zn4 C24 N24,0.4329122767540312,Na,Zn,V,6.0
653,,Li6 V4 Fe4 C24 N24,0.29287279941451416,Li,V,Fe,6.0
654,,,,,,,
655,,K6 Mn4 Co4 C24 N24,0.1903482858064516,K,Mn,Co,6.0
656,,,,,,,
657,,Mg6 Mn4 V4 C24 N24,0.7255697218625814,Mg,Mn,V,6.0
658,,Ca6 Mn4 Co4 C24 N24,0.5707656662174223,Ca,Mn,Co,6.0
659,,,,,,,
660,,Na6 Zn4 Os4 C24 N24,0.21529386504704284,Na,Zn,Os,6.0
661,,Li6 Mn4 Os4 C24 N24,0.21645504877709776,Li,Mn,Os,6.0
662,,,,,,,
663,,,,,,,
664,,,,,,,
665,,Ca6 Cr4 Fe4 C24 N24,0.557835410733551,Ca,Fe,Cr,6.0
666,,Li6 V4 Os4 C24 N24,0.2258048416803237,Li,V,Os,6.0
667,,,,,,,
668,,,,,,,
669,,Na6 Mn4 Os4 C24 N24,0.14325891839096805,Na,Mn,Os,6.0
670,,K6 Mn4 Cr4 C24 N24,0.2086039236223112,K,Mn,Cr,6.0
671,,Li6 Zn4 Os4 C24 N24,0.29566014997903345,Li,Zn,Os,6.0
672,,Sr6 Zn4 Cr4 C24 N24,0.5088114806451616,Sr,Zn,Cr,6.0
673,,,,,,,
674,,,,,,,
675,,,,,,,
676,,Ca6 Cr4 Os4 C24 N24,0.4480536139670974,Ca,Cr,Os,6.0
677,,Mg6 Mn4 Os4 C24 N24,0.4890480039670973,Mg,Mn,Os,6.0
678,,Li6 V8 C24 N24,0.4679066076403178,Li,V,V,6.0
679,,,,,,,
680,,,,,,,
681,,Li6 Co8 C24 N24,0.3502885195758072,Li,Co,Co,6.0
682,,K6 Cr8 C24 N24,0.2035144641061848,K,Cr,Cr,6.0
683,,Mg6 Fe8 C24 N24,0.5604309168625798,Mg,Fe,Fe,6.0
684,,,,,,,
685,,,,,,,
686,,,,,,,
687,,,,,,,
688,,,,,,,
689,,,,,,,
690,,,,,,,
691,,Sr6 Mn4 Fe4 C24 N24,0.347205758475484,Sr,Mn,Fe,6.0
692,,,,,,,
693,,Mg6 V8 C24 N24,0.7443744587980623,Mg,V,V,6.0
694,,,,,,,
695,,,,,,,
696,,,,,,,
697,,Ca6 V4 Co4 C24 N24,0.7168256773464527,Ca,Co,V,6.0
698,,Na6 Cr4 Fe4 C24 N24,0.1804852622244617,Na,Cr,Fe,6.0
699,,,,,,,
700,,Sr6 Mn4 Cr4 C24 N24,0.4137046391206472,Sr,Mn,Cr,6.0
701,,Ca6 V4 Os4 C24 N24,0.4818587442896778,Ca,V,Os,6.0
702,,,,,,,
703,,,,,,,
704,,,,,,,
705,,,,,,,
706,,Ca6 Zn4 Fe4 C24 N24,0.5469514138709695,Ca,Zn,Fe,6.0
707,,,,,,,
708,,,,,,,
709,,Li6 Mn4 Fe4 C24 N24,0.27852064844677304,Li,Mn,Fe,6.0
710,,,,,,,
711,,Mg6 Mn4 Co4 C24 N24,0.6072218175077442,Mg,Mn,Co,6.0
712,,Na6 Cr4 Fe4 C24 N24,0.2912419930309138,Na,Fe,Cr,6.0
713,,,,,,,
714,,Mg6 Mn4 Co4 C24 N24,0.6639744313787119,Mg,Co,Mn,6.0
715,,,,,,,
716,,Mg6 V4 Fe4 C24 N24,0.7330816150883885,Mg,Fe,V,6.0
717,,,,,,,
718,,Li6 Cr8 C24 N24,0.357215013285483,Li,Cr,Cr,6.0
719,,Sr6 Fe8 C24 N24,0.4089001379916128,Sr,Fe,Fe,6.0
720,,,,,,,
721,,,,,,,
722,,Mg6 V4 Cr4 C24 N24,0.6950816968625828,Mg,Cr,V,6.0
723,,,,,,,
724,,Mg6 V4 Co4 C24 N24,0.6072135578303248,Mg,V,Co,6.0
725,,,,,,,
726,,,,,,,
727,,,,,,,
728,,,,,,,
729,,,,,,,
730,,,,,,,
731,,,,,,,
732,,,,,,,
733,,,,,,,
734,,,,,,,
735,,,,,,,
736,,K6 Mn4 Os4 C24 N24,0.07316992540709677,K,Mn,Os,6.0
737,,,,,,,
738,,,,,,,
739,,Sr6 Cr4 Os4 C24 N24,0.34072506977354955,Sr,Cr,Os,6.0
740,,K6 V4 Fe4 C24 N24,0.29749713071908696,K,Fe,V,6.0
741,,,,,,,
742,,K6 Co4 Os4 C24 N24,0.11261825621354934,K,Co,Os,6.0
743,,,,,,,
744,,,,,,,
745,,,,,,,
746,,,,,,,
747,,,,,,,
748,,Li6 Fe4 Co4 C24 N24,0.3278502340919349,Li,Fe,Co,6.0
749,,,,,,,
750,,Na6 Zn4 Co4 C24 N24,0.1963438256757506,Na,Zn,Co,6.0
751,,,,,,,
752,,,,,,,
753,,,,,,,
754,,K6 Cr4 Co4 C24 N24,0.2863195164516137,K,Co,Cr,6.0
755,,,,,,,
756,,,,,,,
757,,,,,,,
758,,,,,,,
759,,,,,,,
760,,,,,,,
761,,,,,,,
762,,,,,,,
763,,,,,,,
764,,,,,,,
765,,Ca6 Mn4 Fe4 C24 N24,0.4641250537980657,Ca,Mn,Fe,6.0
766,,Li6 Mn4 Zn4 C24 N24,0.4029623452938704,Li,Zn,Mn,6.0
767,,Na6 Mn4 Cr4 C24 N24,0.281765946256721,Na,Mn,Cr,6.0
768,,,,,,,
769,,K6 V4 Zn4 C24 N24,0.34679302997983896,K,Zn,V,6.0
770,,Sr6 Mn4 Cr4 C24 N24,0.3587676108948408,Sr,Cr,Mn,6.0
771,,,,,,,
772,,,,,,,
773,,,,,,,
774,,,,,,,
775,,,,,,,
776,,,,,,,
777,,,,,,,
778,,,,,,,
779,,,,,,,
780,,,,,,,
781,,Li6 Cr4 Fe4 C24 N24,0.25900566796290114,Li,Cr,Fe,6.0
782,,,,,,,
783,,,,,,,
784,,K6 Zn4 Cr4 C24 N24,0.2574670299798383,K,Zn,Cr,6.0
785,,,,,,,
786,,,,,,,
787,,,,,,,
788,,,,,,,
789,,,,,,,
790,,,,,,,
791,,,,,,,
792,,Mg6 Cr8 C24 N24,0.6359537928303212,Mg,Cr,Cr,6.0
793,,,,,,,
794,,,,,,,
795,,,,,,,
796,,Ca6 Cr8 C24 N24,0.5359474352496765,Ca,Cr,Cr,6.0
797,,,,,,,
798,,,,,,,
799,,,,,,,
800,,,,,,,
801,,,,,,,
802,,,,,,,
803,,,,,,,
804,,,,,,,
805,,,,,,,
806,,,,,,,
807,,,,,,,
808,,,,,,,
809,,,,,,,
810,,,,,,,
811,,Mg4 Zn4 Co4 C24 N24,0.4824142611468885,Mg,Zn,Co,4.0
812,,,,,,,
813,,Sr6 Fe4 Co4 C24 N24,0.4974820881529052,Sr,Fe,Co,6.0
814,,,,,,,
815,,,,,,,
816,,Na6 Mn4 Cr4 C24 N24,0.2020438765793013,Na,Cr,Mn,6.0
817,,,,,,,
818,,,,,,,
819,,Na4 V4 Os4 C24 N24,0.13956720473822234,Na,V,Os,4.0
820,,Sr6 Zn4 Co4 C24 N24,0.578247848225808,Sr,Zn,Co,6.0
821,,Mg4 Mn4 Os4 C24 N24,0.3611226334128901,Mg,Mn,Os,4.0
822,,,,,,,
823,,,,,,,
824,,Na4 Mn4 Cr4 C24 N24,0.2753111165635556,Na,Mn,Cr,4.0
825,,Ca6 Mn4 Zn4 C24 N24,0.5338325366129029,Ca,Zn,Mn,6.0
826,,Sr6 Mn4 Zn4 C24 N24,0.4003030995161305,Sr,Zn,Mn,6.0
827,,Ca6 Cr4 Fe4 C24 N24,0.5014357658948416,Ca,Cr,Fe,6.0
828,,,,,,,
829,,,,,,,
830,,,,,,,
831,,,,,,,
832,,Li6 Cr4 Co4 C24 N24,0.34464798667257845,Li,Cr,Co,6.0
833,,,,,,,
834,,,,,,,
835,,Sr4 V4 Os4 C24 N24,0.2305872520795571,Sr,V,Os,4.0
836,,,,,,,
837,,Li4 Zn4 Os4 C24 N24,0.3012376941906707,Li,Zn,Os,4.0
838,,Mg4 Mn8 C24 N24,0.4699183420715549,Mg,Mn,Mn,4.0
839,,,,,,,
840,,Li4 Mn4 Co4 C24 N24,0.2803332441073376,Li,Mn,Co,4.0
841,,Ca6 Mn4 V4 C24 N24,0.6405288568625824,Ca,Mn,V,6.0
842,,,,,,,
843,,Mg4 Fe8 C24 N24,0.3373419728877787,Mg,Fe,Fe,4.0
844,,Li4 V4 Cr4 C24 N24,0.3757622512740042,Li,Cr,V,4.0
845,,,,,,,
846,,Sr4 V4 Fe4 C24 N24,0.4357550609048886,Sr,Fe,V,4.0
847,,,,,,,
848,,,,,,,
849,,Na4 Cr4 Co4 C24 N24,0.22178508773022187,Na,Cr,Co,4.0
850,,,,,,,
851,,,,,,,
852,,Ca4 V4 Cr4 C24 N24,0.4681066991271123,Ca,V,Cr,4.0
853,,K4 Zn4 Cr4 C24 N24,0.3033025383611125,K,Zn,Cr,4.0
854,,K4 Fe4 Co4 C24 N24,0.15118906078577865,K,Fe,Co,4.0
855,,,,,,,
856,,,,,,,
857,,,,,,,
858,,,,,,,
859,,,,,,,
860,,Ca4 V4 Cr4 C24 N24,0.5303440004604454,Ca,Cr,V,4.0
861,,Ca4 Fe8 C24 N24,0.349185669960443,Ca,Fe,Fe,4.0
862,,Ca4 Cr4 Os4 C24 N24,0.28769775996844515,Ca,Cr,Os,4.0
863,,,,,,,
864,,,,,,,
865,,,,,,,
866,,Li4 Zn4 Cr4 C24 N24,0.3969566266826696,Li,Zn,Cr,4.0
867,,Ca4 Cr8 C24 N24,0.4341860701271116,Ca,Cr,Cr,4.0
868,,Li4 V8 C24 N24,0.439151231273998,Li,V,V,4.0
869,,,,,,,
870,,,,,,,
871,,,,,,,
872,,Na4 V4 Co4 C24 N24,0.4149605292302229,Na,Co,V,4.0
873,,,,,,,
874,,,,,,,
875,,Mg4 Mn4 Zn4 C24 N24,0.5872783051468895,Mg,Zn,Mn,4.0
876,,,,,,,
877,,,,,,,
878,,Na4 Cr8 C24 N24,0.26506803806355883,Na,Cr,Cr,4.0
879,,,,,,,
880,,,,,,,
881,,,,,,,
882,,K4 Mn8 C24 N24,0.17775556845244897,K,Mn,Mn,4.0
883,,,,,,,
884,,Mg4 Mn4 Cr4 C24 N24,0.4527588957382242,Mg,Cr,Mn,4.0
885,,,,,,,
886,,Li4 Mn4 Cr4 C24 N24,0.2538892411073377,Li,Cr,Mn,4.0
887,,Mg4 Mn4 Cr4 C24 N24,0.5210538580715571,Mg,Mn,Cr,4.0
888,,Mg4 V8 C24 N24,0.6345713435715563,Mg,V,V,4.0
889,,,,,,,
890,,Li4 Cr4 Fe4 C24 N24,0.19062903144067,Li,Cr,Fe,4.0
891,,,,,,,
892,,,,,,,
893,,,,,,,
894,,,,,,,
895,,,,,,,
896,,,,,,,
897,,,,,,,
898,,,,,,,
899,,,,,,,
900,,,,,,,
901,,Na4 Fe8 C24 N24,0.2156111012302233,Na,Fe,Fe,4.0
902,,,,,,,
903,,,,,,,
904,,,,,,,
905,,K4 V4 Cr4 C24 N24,0.23247325561911406,K,V,Cr,4.0
906,,,,,,,
907,,Na4 Zn4 Cr4 C24 N24,0.34939867430555704,Na,Zn,Cr,4.0
908,,Na4 Zn4 Fe4 C24 N24,0.31392375080555635,Na,Zn,Fe,4.0
909,,,,,,,
910,,,,,,,
911,,Mg4 Fe4 Co4 C24 N24,0.463791438904889,Mg,Co,Fe,4.0
912,,,,,,,
913,,Ca4 Mn4 Cr4 C24 N24,0.33659061346044616,Ca,Cr,Mn,4.0
914,,,,,,,
915,,Sr4 Mn8 C24 N24,0.2745586297382232,Sr,Mn,Mn,4.0
916,,Li4 Zn4 Co4 C24 N24,0.2832644943493374,Li,Zn,Co,4.0
917,,Ca4 V4 Fe4 C24 N24,0.3794403131271107,Ca,V,Fe,4.0
918,,,,,,,
919,,Ca4 Mn4 Cr4 C24 N24,0.43402220979377937,Ca,Mn,Cr,4.0
920,,Sr4 V4 Cr4 C24 N24,0.3685576960715551,Sr,V,Cr,4.0
921,,,,,,,
922,,Mg4 Cr8 C24 N24,0.5062047854048881,Mg,Cr,Cr,4.0
923,,,,,,,
924,,K4 V4 Cr4 C24 N24,0.27340820028577895,K,Cr,V,4.0
925,,,,,,,
926,,,,,,,
927,,Mg4 Cr4 Fe4 C24 N24,0.388582454071555,Mg,Cr,Fe,4.0
928,,Li4 Mn4 Os4 C24 N24,0.16837898261533724,Li,Mn,Os,4.0
929,,Li4 Fe4 Co4 C24 N24,0.24348866094067123,Li,Fe,Co,4.0
930,,,,,,,
931,,Ca4 Cr4 Fe4 C24 N24,0.3588191214604457,Ca,Cr,Fe,4.0
932,,Sr4 Zn4 Os4 C24 N24,0.24315407665489008,Sr,Zn,Os,4.0
933,,,,,,,
934,,,,,,,
935,,,,,,,
936,,,,,,,
937,,,,,,,
938,,,,,,,
939,,Li4 Cr4 Os4 C24 N24,0.1251510936153366,Li,Cr,Os,4.0
940,,,,,,,
941,,,,,,,
942,,K4 Zn4 Os4 C24 N24,0.20057108486911268,K,Zn,Os,4.0
943,,Sr4 Cr4 Os4 C24 N24,0.20619670857955796,Sr,Cr,Os,4.0
944,,,,,,,
945,,,,,,,
946,,Ca4 Cr4 Co4 C24 N24,0.4319310634604463,Ca,Cr,Co,4.0
947,,,,,,,
948,,,,,,,
949,,,,,,,
950,,,,,,,
951,,,,,,,
952,,Na4 V4 Co4 C24 N24,0.23115306539688873,Na,V,Co,4.0
953,,,,,,,
954,,,,,,,
955,,,,,,,
956,,,,,,,
957,,,,,,,
958,,,,,,,
959,,,,,,,
960,,,,,,,
961,,,,,,,
962,,Ca4 Fe4 Os4 C24 N24,0.291712637301778,Ca,Fe,Os,4.0
963,,,,,,,
964,,,,,,,
965,,,,,,,
966,,,,,,,
967,,,,,,,
968,,Mg4 V4 Fe4 C24 N24,0.6212104935715566,Mg,Fe,V,4.0
969,,Na4 Mn4 Co4 C24 N24,0.23318781939689082,Na,Mn,Co,4.0
970,,,,,,,
971,,,,,,,
972,,,,,,,
973,,Li4 V4 Co4 C24 N24,0.281115316440669,Li,V,Co,4.0
974,,,,,,,
975,,,,,,,
976,,,,,,,
977,,,,,,,
978,,,,,,,
979,,,,,,,
980,,K4 Mn4 Cr4 C24 N24,0.15992244845244485,K,Cr,Mn,4.0
981,,Ca4 V4 Zn4 C24 N24,0.6237367060357792,Ca,Zn,V,4.0
982,,,,,,,
983,,,,,,,
984,,,,,,,
985,,,,,,,
986,,,,,,,
987,,Na4 Mn4 V4 C24 N24,0.24526261573022268,Na,V,Mn,4.0
988,,,,,,,
989,,Na4 Mn4 Cr4 C24 N24,0.20550646089689018,Na,Cr,Mn,4.0
990,,K4 V8 C24 N24,0.3416021236191096,K,V,V,4.0
991,,Li4 Mn4 Fe4 C24 N24,0.23831549460733825,Li,Mn,Fe,4.0
992,,,,,,,
993,,,,,,,
994,,,,,,,
995,,,,,,,
996,,,,,,,
997,,,,,,,
998,,,,,,,
999,,,,,,,
1000,,Ca4 Mn4 Fe4 C24 N24,0.36254895746044546,Ca,Mn,Fe,4.0
1001,,,,,,,
1002,,,,,,,
1003,,,,,,,
1004,,,,,,,
1005,,,,,,,
1006,,Mg4 V4 Os4 C24 N24,0.3748840675795577,Mg,V,Os,4.0
1007,,,,,,,
1008,,,,,,,
1009,,,,,,,
1010,,,,,,,
1011,,,,,,,
1012,,,,,,,
1013,,,,,,,
1014,,K4 Cr4 Co4 C24 N24,0.17461562895244676,K,Cr,Co,4.0
1015,,,,,,,
1016,,,,,,,
1017,,,,,,,
1018,,,,,,,
1019,,,,,,,
1020,,Na4 Zn4 Co4 C24 N24,0.23474344213888987,Na,Zn,Co,4.0
1021,,,,,,,
1022,,Na4 Fe4 Co4 C24 N24,0.026065977714667454,Na,Co,Fe,4.0
1023,,,,,,,
1024,,Sr4 Mn4 Fe4 C24 N24,0.2907756384048916,Sr,Fe,Mn,4.0
1025,,Sr4 Cr4 Co4 C24 N24,0.3537655549048928,Sr,Cr,Co,4.0
1026,,,,,,,
1027,,Sr4 Co8 C24 N24,0.351537884571556,Sr,Co,Co,4.0
1028,,,,,,,
1029,,,,,,,
1030,,,,,,,
1031,,,,,,,
1032,,,,,,,
1033,,Na4 Mn8 C24 N24,0.2251069050635568,Na,Mn,Mn,4.0
1034,,,,,,,
1035,,Li4 V4 Cr4 C24 N24,0.34283375444067055,Li,V,Cr,4.0
1036,,Rb8 V4 Os4 C24 N24,0.04615126798177194,Rb,V,Os,8.0
1037,,Sr4 Mn4 Os4 C24 N24,0.20053588141289147,Sr,Mn,Os,4.0
1038,,,,,,,
1039,,,,,,,
1040,,Rb8 Fe4 Os4 C24 N24,0.02111594095052105,Rb,Fe,Os,8.0
1041,,,,,,,
1042,,,,,,,
1043,,,,,,,
1044,,,,,,,
1045,,,,,,,
1046,,,,,,,
1047,,,,,,,
1048,,,,,,,
1049,,Na4 Mn4 Co4 C24 N24,0.3077971052302244,Na,Co,Mn,4.0
1050,,Rb8 Zn4 Os4 C24 N24,0.023983466041666013,Rb,Zn,Os,8.0
1051,,Rb8 Zn4 Co4 C24 N24,0.19463994635416704,Rb,Zn,Co,8.0
1052,,Rb8 Cr4 Fe4 C24 N24,0.15795357955729017,Rb,Fe,Cr,8.0
1053,,Rb8 Mn4 Co4 C24 N24,0.14370811766927094,Rb,Mn,Co,8.0
1054,,,,,,,
1055,,Rb8 Zn4 Fe4 C24 N24,0.05619297964843728,Rb,Zn,Fe,8.0
1056,,Rb8 V4 Zn4 C24 N24,0.2526976223046873,Rb,Zn,V,8.0
1057,,Rb8 Cr4 Os4 C24 N24,0.032068541575519305,Rb,Cr,Os,8.0
1058,,Rb8 V4 Fe4 C24 N24,0.22378826408854113,Rb,Fe,V,8.0
1059,,Rb8 Mn4 Cr4 C24 N24,0.14048626065104042,Rb,Mn,Cr,8.0
1060,,Rb8 Mn4 Os4 C24 N24,0.03207825798177133,Rb,Mn,Os,8.0
1061,,Rb8 Mn4 Cr4 C24 N24,0.04970654486979065,Rb,Cr,Mn,8.0
1062,,Rb8 V4 Cr4 C24 N24,0.02844799937501108,Rb,V,Cr,8.0
1064,,,,,,,
1065,,Rb8 Fe8 C24 N24,0.059115402213541834,Rb,Fe,Fe,8.0
1066,,Rb1 Mn4 Os4 C24 N24,0.09153390964105768,Rb,Mn,Os,1.0
1067,,,,,,,
1068,,Rb8 Mn4 V4 C24 N24,0.2226231254947919,Rb,Mn,V,8.0
1069,,Rb1 Mn4 Cr4 C24 N24,0.19456266559754987,Rb,Cr,Mn,1.0
1070,,Rb1 Mn4 Fe4 C24 N24,0.2508356412115855,Rb,Fe,Mn,1.0
1071,,Rb8 Cr8 C24 N24,0.13518267736979084,Rb,Cr,Cr,8.0
1072,,Rb8 Fe4 Co4 C24 N24,0.17615798860677057,Rb,Fe,Co,8.0
1073,,Rb1 Co4 Os4 C24 N24,0.16616059946561812,Rb,Co,Os,1.0
1074,,Rb1 Zn4 Os4 C24 N24,0.29851618059754514,Rb,Zn,Os,1.0
1075,,Rb1 V4 Os4 C24 N24,0.11026280648316167,Rb,V,Os,1.0
1076,,Rb8 V4 Cr4 C24 N24,0.2230873229947914,Rb,Cr,V,8.0
1077,,Rb8 V4 Co4 C24 N24,0.2134808962630208,Rb,V,Co,8.0
1078,,Rb8 Cr4 Co4 C24 N24,0.21345915782552005,Rb,Co,Cr,8.0
1079,,Rb1 V4 Co4 C24 N24,0.40355400770281236,Rb,Co,V,1.0
1080,,Rb8 V4 Co4 C24 N24,0.3003523084505204,Rb,Co,V,8.0
1081,,Rb1 Cr4 Os4 C24 N24,0.06945995893930323,Rb,Cr,Os,1.0
1082,,Rb1 Mn4 Zn4 C24 N24,0.35086956585228535,Rb,Zn,Mn,1.0
1083,,,,,,,
1084,,Rb8 Mn4 Fe4 C24 N24,0.07469867705729172,Rb,Mn,Fe,8.0
1085,,Rb8 Fe4 Co4 C24 N24,0.12365287798177071,Rb,Co,Fe,8.0
1086,,,,,,,
1087,,Rb8 V8 C24 N24,0.22895842205729267,Rb,V,V,8.0
1088,,Rb8 Co8 C24 N24,0.18305643921874903,Rb,Co,Co,8.0
1089,,,,,,,
1090,,Rb1 Cr4 Co4 C24 N24,0.01767124962023381,Rb,Cr,Co,1.0
1092,,Rb1 Mn8 C24 N24,0.21512928963263,Rb,Mn,Mn,1.0
1093,,Rb7 Zn4 Os4 C24 N24,0.06623623708002846,Rb,Zn,Os,7.0
1094,,Rb1 Mn4 V4 C24 N24,0.34479747805369065,Rb,Mn,V,1.0
1095,,Rb1 V4 Cr4 C24 N24,0.2980275489308841,Rb,V,Cr,1.0
1096,,Rb1 Fe8 C24 N24,0.22720364015894567,Rb,Fe,Fe,1.0
1097,,Rb1 Cr8 C24 N24,0.21611622419403176,Rb,Cr,Cr,1.0
1098,,Rb8 Cr4 Co4 C24 N24,0.18310322501302068,Rb,Cr,Co,8.0
1099,,Rb7 Cr8 C24 N24,0.15940355461970768,Rb,Cr,Cr,7.0
1100,,Rb1 Fe4 Os4 C24 N24,0.14694684367614563,Rb,Fe,Os,1.0
1101,,Rb7 Cr4 Os4 C24 N24,0.03777830286045081,Rb,Cr,Os,7.0
1102,,Rb7 V4 Fe4 C24 N24,0.0976778000165357,Rb,V,Fe,7.0
1103,,Rb1 V4 Zn4 C24 N24,0.5053193067294774,Rb,Zn,V,1.0
1104,,Rb7 Fe4 Os4 C24 N24,0.04348980159061,Rb,Fe,Os,7.0
1105,,Rb1 V8 C24 N24,0.3853235270010522,Rb,V,V,1.0
1106,,Rb1 Zn4 Co4 C24 N24,0.3271193937470196,Rb,Zn,Co,1.0
1107,,Rb1 V4 Co4 C24 N24,0.18740772489579527,Rb,V,Co,1.0
1108,,Rb1 Mn4 V4 C24 N24,0.22956414594842833,Rb,V,Mn,1.0
1109,,Rb1 Mn4 Co4 C24 N24,0.1915564803343912,Rb,Mn,Co,1.0
1110,,Rb1 Cr4 Co4 C24 N24,0.298354740509831,Rb,Co,Cr,1.0
1111,,Rb7 Mn4 Os4 C24 N24,0.0488695117493414,Rb,Mn,Os,7.0
1112,,Rb1 V4 Fe4 C24 N24,0.380778071036147,Rb,Fe,V,1.0
1113,,Rb1 V4 Cr4 C24 N24,0.006038608208404739,Rb,Cr,V,1.0
1114,,,,,,,
1116,,Rb7 Mn4 Co4 C24 N24,0.15650293079696098,Rb,Mn,Co,7.0
1117,,Rb2 Co4 Os4 C24 N24,0.13640397925310133,Rb,Co,Os,2.0
1118,,Rb7 V4 Cr4 C24 N24,0.2390830623974889,Rb,Cr,V,7.0
1119,,Rb7 V4 Zn4 C24 N24,0.2830308755059532,Rb,Zn,V,7.0
1120,,Rb7 V4 Os4 C24 N24,0.057350758257278756,Rb,V,Os,7.0
1121,,Rb1 Zn4 Cr4 C24 N24,0.4193934190101789,Rb,Zn,Cr,1.0
1122,,Rb7 V4 Fe4 C24 N24,0.2478063682705045,Rb,Fe,V,7.0
1123,,,,,,,
1124,,Rb7 Fe4 Co4 C24 N24,0.17789013587632585,Rb,Fe,Co,7.0
1125,,Rb7 Zn4 Co4 C24 N24,0.19400949485780572,Rb,Zn,Co,7.0
1126,,Rb7 Mn4 Fe4 C24 N24,0.09212136446098107,Rb,Mn,Fe,7.0
1127,,Rb7 Mn4 Cr4 C24 N24,0.07728812668320195,Rb,Cr,Mn,7.0
1128,,,,,,,
1129,,,,,,,
1130,,Rb2 V4 Cr4 C24 N24,0.24844430924482452,Rb,V,Cr,2.0
1131,,Rb7 Mn4 V4 C24 N24,0.11766907033399576,Rb,V,Mn,7.0
1132,,Rb2 Mn4 Cr4 C24 N24,0.24300445458965036,Rb,Mn,Cr,2.0
1133,,Rb7 Zn4 Fe4 C24 N24,0.09803229407738101,Rb,Zn,Fe,7.0
1134,,Rb7 Mn4 Co4 C24 N24,0.18301840619378584,Rb,Co,Mn,7.0
1135,,Rb7 Cr4 Co4 C24 N24,0.18914909619378495,Rb,Cr,Co,7.0
1136,,Rb7 Mn8 C24 N24,0.10811491684193086,Rb,Mn,Mn,7.0
1137,,,,,,,
1138,,Rb7 Mn4 Zn4 C24 N24,0.08109270986111472,Rb,Zn,Mn,7.0
1140,,Rb7 Mn4 Cr4 C24 N24,0.16388999842923546,Rb,Mn,Cr,7.0
1141,,Rb2 V4 Os4 C24 N24,0.08942646356344497,Rb,V,Os,2.0
1142,,,,,,,
1143,,Rb2 Mn8 C24 N24,0.19603556872758787,Rb,Mn,Mn,2.0
1144,,Rb2 Cr4 Os4 C24 N24,0.04404615994275396,Rb,Cr,Os,2.0
1145,,Rb2 Mn4 V4 C24 N24,0.3251845309689596,Rb,Mn,V,2.0
1146,,Rb7 Cr4 Co4 C24 N24,0.24114393063823059,Rb,Co,Cr,7.0
1147,,,,,,,
1148,,Rb2 Mn4 V4 C24 N24,0.21523683545171934,Rb,V,Mn,2.0
1149,,,,,,,
1150,,Rb7 Zn4 Cr4 C24 N24,0.20969568169642994,Rb,Zn,Cr,7.0
1151,,,,,,,
1152,,,,,,,
1153,,Rb2 V8 C24 N24,0.35701189752068885,Rb,V,V,2.0
1154,,,,,,,
1155,,,,,,,
1156,,Rb2 Mn4 Fe4 C24 N24,0.22550489079654845,Rb,Fe,Mn,2.0
1157,,,,,,,
1158,,Rb2 Cr8 C24 N24,0.2093620525206905,Rb,Cr,Cr,2.0
1159,,Rb2 Fe8 C24 N24,0.19944967062413888,Rb,Fe,Fe,2.0
1160,,Rb7 Mn4 Fe4 C24 N24,0.1310546417625691,Rb,Fe,Mn,7.0
1161,,,,,,,
1162,,Rb2 Mn4 Fe4 C24 N24,0.15337863993447876,Rb,Mn,Fe,2.0
1163,,Rb2 V4 Fe4 C24 N24,0.352804011313788,Rb,Fe,V,2.0
1164,,,,,,,
1165,,Rb2 Mn4 Cr4 C24 N24,0.17560239321034032,Rb,Cr,Mn,2.0
1166,,,,,,,
1167,,Rb2 V4 Zn4 C24 N24,0.4648351720813766,Rb,Zn,V,2.0
1168,,Rb2 Mn4 Os4 C24 N24,0.07401442011516934,Rb,Mn,Os,2.0
1169,,,,,,,
1170,,Rb2 Cr4 Fe4 C24 N24,0.12331644286551224,Rb,Cr,Fe,2.0
1171,,Rb2 Cr4 Co4 C24 N24,0.1392502185551674,Rb,Cr,Co,2.0
1172,,Rb2 Fe4 Co4 C24 N24,0.21062963148620462,Rb,Co,Fe,2.0
1173,,,,,,,
1174,,,,,,,
1175,,Rb2 Fe4 Os4 C24 N24,0.12014300839103065,Rb,Fe,Os,2.0
1176,,,,,,,
1177,,Rb2 Mn4 Co4 C24 N24,0.1818342937275812,Rb,Mn,Co,2.0
1178,,Rb2 Zn4 Os4 C24 N24,0.25747225639999716,Rb,Zn,Os,2.0
1179,,Rb2 V4 Co4 C24 N24,0.1745238421758568,Rb,V,Co,2.0
1180,,,,,,,
1181,,Rb2 V4 Fe4 C24 N24,0.17237438217585677,Rb,V,Fe,2.0
1182,,Rb2 Zn4 Cr4 C24 N24,0.3660068288055136,Rb,Zn,Cr,2.0
1183,,Rb2 Zn4 Fe4 C24 N24,0.3214920989779282,Rb,Zn,Fe,2.0
1184,,,,,,,
1185,,Rb2 Co8 C24 N24,0.1918316061413794,Rb,Co,Co,2.0
1186,,,,,,,
1187,,Rb2 Fe4 Co4 C24 N24,0.17186745148620375,Rb,Fe,Co,2.0
1188,,Rb2 V4 Cr4 C24 N24,0.3067937433827552,Rb,Cr,V,2.0
1189,,,,,,,
1190,,,,,,,
1191,,,,,,,
1192,,,,,,,
1193,,Rb2 Mn4 Zn4 C24 N24,0.32051568277103026,Rb,Zn,Mn,2.0
1194,,,,,,,
1195,,Rb2 Cr4 Fe4 C24 N24,0.2584470961413743,Rb,Fe,Cr,2.0
1196,,,,,,,
1197,,Rb6 V4 Fe4 C24 N24,0.11745648129704378,Rb,V,Fe,6.0
1198,,,,,,,
1199,,,,,,,
1200,,Rb6 Mn4 V4 C24 N24,0.14333670823252653,Rb,V,Mn,6.0
1201,,Rb6 V4 Os4 C24 N24,0.05918222782645266,Rb,V,Os,6.0
1202,,Rb2 V4 Co4 C24 N24,0.38015836527930524,Rb,Co,V,2.0
1203,,Rb6 Mn4 Fe4 C24 N24,0.11026866097446053,Rb,Mn,Fe,6.0
1204,,Rb6 Mn4 Co4 C24 N24,0.21049150209677414,Rb,Co,Mn,6.0
1205,,Rb6 Co4 Os4 C24 N24,0.0912161646006453,Rb,Co,Os,6.0
1206,,Rb6 Fe4 Os4 C24 N24,0.05653759814903303,Rb,Fe,Os,6.0
1208,,Rb6 Cr4 Fe4 C24 N24,0.087147210813173,Rb,Cr,Fe,6.0
1209,,,,,,,
1210,,,,,,,
1211,,Rb6 Mn4 Co4 C24 N24,0.1689892016129031,Rb,Mn,Co,6.0
1212,,Rb6 Cr4 Os4 C24 N24,0.0293565486329026,Rb,Cr,Os,6.0
1213,,Rb6 Cr4 Fe4 C24 N24,0.19727158290994673,Rb,Fe,Cr,6.0
1214,,,,,,,
1215,,Rb6 Mn4 V4 C24 N24,0.21145722891129104,Rb,Mn,V,6.0
1216,,Rb6 V4 Cr4 C24 N24,0.19764929936155973,Rb,V,Cr,6.0
1217,,Rb6 V4 Fe4 C24 N24,0.27480953726478496,Rb,Fe,V,6.0
1218,,,,,,,
1219,,,,,,,
1220,,,,,,,
1221,,Rb6 Zn4 Fe4 C24 N24,0.14274844768145378,Rb,Zn,Fe,6.0
1222,,Rb6 Cr8 C24 N24,0.18249611145833278,Rb,Cr,Cr,6.0
1223,,Rb6 Fe4 Co4 C24 N24,0.17044803209676207,Rb,Fe,Co,6.0
1224,,Rb6 Zn4 Os4 C24 N24,0.11146732315188324,Rb,Zn,Os,6.0
